time, height, speed, acceleration, user_data
0, 0, 0, 0, 0
0.010000, 0, 0, 13, 0
0.020000, 0.000159, 0.031900, 13, 0
0.030000, 0.000638, 0.063800, 13, 0
0.040000, 0.001435, 0.095700, 13, 0
0.050000, 0.002552, 0.127600, 13, 0
0.060000, 0.003987, 0.159500, 13, 0
0.070000, 0.005742, 0.191400, 13, 0
0.080000, 0.007815, 0.223300, 13, 0
0.090000, 0.010208, 0.255200, 13, 0
0.100000, 0.012919, 0.287100, 13, 0
0.110000, 0.015950, 0.319000, 13, 0
0.120000, 0.019299, 0.350900, 13, 0
0.130000, 0.022968, 0.382800, 13, 0
0.140000, 0.026955, 0.414700, 13, 0
0.150000, 0.031262, 0.446600, 13, 0
0.160000, 0.035887, 0.478500, 13, 0
0.170000, 0.040832, 0.510400, 13, 0
0.180000, 0.046095, 0.542300, 13, 0
0.190000, 0.051678, 0.574200, 13, 0
0.200000, 0.057579, 0.606100, 13, 0
0.210000, 0.063800, 0.638000, 13, 0
0.220000, 0.070339, 0.669900, 13, 0
0.230000, 0.077198, 0.701800, 13, 0
0.240000, 0.084375, 0.733700, 13, 0
0.250000, 0.091872, 0.765600, 13, 0
0.260000, 0.099687, 0.797500, 13, 0
0.270000, 0.107822, 0.829400, 13, 0
0.280000, 0.116275, 0.861300, 13, 0
0.290000, 0.125048, 0.893200, 13, 0
0.300000, 0.134139, 0.925100, 13, 0
0.310000, 0.143550, 0.957000, 13, 0
0.320000, 0.153279, 0.988900, 13, 0
0.330000, 0.163328, 1.020800, 13, 0
0.340000, 0.173695, 1.052700, 13, 0
0.350000, 0.184382, 1.084600, 13, 0
0.360000, 0.195387, 1.116500, 13, 0
0.370000, 0.206712, 1.148400, 13, 0
0.380000, 0.218355, 1.180300, 13, 0
0.390000, 0.230318, 1.212200, 13, 0
0.400000, 0.242599, 1.244100, 13, 0
0.410000, 0.255200, 1.276000, 13, 0
0.420000, 0.268119, 1.307900, 13, 0
0.430000, 0.281358, 1.339800, 13, 0
0.440000, 0.294915, 1.371700, 13, 0
0.450000, 0.308792, 1.403600, 13, 0
0.460000, 0.322987, 1.435500, 13, 0
0.470000, 0.337502, 1.467400, 13, 0
0.480000, 0.352335, 1.499300, 13, 0
0.490000, 0.367488, 1.531201, 13, 0
0.500000, 0.382960, 1.563101, 13, 0
0.510000, 0.398750, 1.595001, 13, 0
0.520000, 0.414860, 1.626901, 13, 0
0.530000, 0.431288, 1.658801, 13, 0
0.540000, 0.448036, 1.690701, 13, 0
0.550000, 0.465102, 1.722601, 12.835128, 0
0.560000, 0.482479, 1.752852, 11.558568, 0
0.570000, 0.500095, 1.770338, 10.369102, 0
0.580000, 0.517827, 1.775929, 9.343349, 0
0.590000, 0.535563, 1.771262, 8.469293, 0
0.600000, 0.553208, 1.757855, 7.730153, 0
0.610000, 0.570683, 1.737057, 7.109992, 0
0.620000, 0.587918, 1.710057, 6.594787, 0
0.630000, 0.604858, 1.677904, 6.172024, 0
0.640000, 0.621455, 1.641525, 5.830407, 0
0.650000, 0.637671, 1.601729, 5.559868, 0
0.660000, 0.653476, 1.559227, 5.351512, 0
0.670000, 0.668846, 1.514642, 5.197265, 0
0.680000, 0.683761, 1.468515, 5.090076, 0
0.690000, 0.698211, 1.421316, 5.023714, 0
0.700000, 0.712184, 1.373453, 4.992550, 0
0.710000, 0.725678, 1.325279, 4.991505, 0
0.720000, 0.738690, 1.277094, 5.016236, 0
0.730000, 0.751221, 1.229156, 5.062843, 0
0.740000, 0.763275, 1.181684, 5.127962, 0
0.750000, 0.774858, 1.134864, 5.208453, 0
0.760000, 0.785977, 1.088848, 5.301589, 0
0.770000, 0.796640, 1.043764, 5.405228, 0
0.780000, 0.806857, 0.999717, 5.517003, 0
0.790000, 0.816640, 0.956787, 5.635325, 0
0.800000, 0.825999, 0.915040, 5.758655, 0
0.810000, 0.834947, 0.874526, 5.885499, 0
0.820000, 0.843496, 0.835281, 6.014586, 0
0.830000, 0.851659, 0.797327, 6.145049, 0
0.839999, 0.859449, 0.760678, 6.275924, 0
0.849999, 0.866879, 0.725337, 6.406490, 0
0.859999, 0.873962, 0.691302, 6.536110, 0
0.869999, 0.880711, 0.658563, 6.664144, 0
0.879999, 0.887140, 0.627104, 6.790208, 0
0.889999, 0.893260, 0.596906, 6.913926, 0
0.899999, 0.899084, 0.567946, 7.035017, 0
0.909999, 0.904625, 0.540196, 7.153210, 0
0.919999, 0.909894, 0.513628, 7.268161, 0
0.929999, 0.914903, 0.488210, 7.379874, 0
0.939999, 0.919664, 0.463908, 7.488205, 0
0.949999, 0.924187, 0.440690, 7.593022, 0
0.959999, 0.928483, 0.418521, 7.694296, 0
0.969999, 0.932562, 0.397364, 7.792097, 0
0.979999, 0.936435, 0.377185, 7.886263, 0
0.989999, 0.940110, 0.357947, 7.976981, 0
0.999999, 0.943598, 0.339617, 8.064124, 0
1.009999, 0.946907, 0.322158, 8.147915, 0
1.019999, 0.950046, 0.305537, 8.228176, 0
1.029999, 0.953022, 0.289719, 8.305162, 0
1.039999, 0.955844, 0.274671, 8.378899, 0
1.049999, 0.958519, 0.260360, 8.449509, 0
1.059999, 0.961055, 0.246755, 8.517048, 0
1.069999, 0.963457, 0.233825, 8.581588, 0
1.079999, 0.965734, 0.221541, 8.643213, 0
1.089999, 0.967891, 0.209873, 8.702108, 0
1.099999, 0.969935, 0.198794, 8.758138, 0
1.109999, 0.971870, 0.188276, 8.811679, 0
1.119999, 0.973703, 0.178293, 8.862707, 0
1.129999, 0.975438, 0.168820, 8.911296, 0
1.139999, 0.977082, 0.159833, 8.957610, 0
1.149999, 0.978637, 0.151309, 9.001662, 0
1.159999, 0.980110, 0.143225, 9.043558, 0
1.169999, 0.981504, 0.135561, 9.083416, 0
1.179999, 0.982823, 0.128295, 9.121365, 0
1.189999, 0.984072, 0.121409, 9.157373, 0
1.199999, 0.985253, 0.114882, 9.191505, 0
1.209999, 0.986371, 0.108697, 9.224086, 0
1.219999, 0.987429, 0.102838, 9.255033, 0
1.229999, 0.988429, 0.097289, 9.284352, 0
1.239999, 0.989376, 0.092032, 9.312140, 0
1.249999, 0.990271, 0.087054, 9.338589, 0
1.259999, 0.991118, 0.082339, 9.363559, 0
1.269999, 0.991919, 0.077875, 9.387423, 0
1.279999, 0.992677, 0.073649, 9.409891, 0
1.289999, 0.993393, 0.069648, 9.431348, 0
1.299999, 0.994071, 0.065862, 9.451600, 0
1.309999, 0.994712, 0.062278, 9.470790, 0
1.319999, 0.995317, 0.058885, 9.489071, 0
1.329999, 0.995890, 0.055676, 9.506264, 0
1.339999, 0.996432, 0.052639, 9.522613, 0
1.349999, 0.996944, 0.049765, 9.538117, 0
1.359999, 0.997428, 0.047046, 9.552780, 0
1.369999, 0.997885, 0.044474, 9.566692, 0
1.379999, 0.998318, 0.042041, 9.579865, 0
1.389999, 0.998727, 0.039739, 9.592315, 0
1.399999, 0.999113, 0.037563, 9.604142, 0
1.409999, 0.999479, 0.035504, 9.615287, 0
1.419999, 0.999824, 0.033557, 9.625772, 0
1.429999, 1.000150, 0.031715, 9.635878, 0
1.439999, 1.000459, 0.029973, 9.645389, 0
1.449999, 1.000750, 0.028327, 9.654337, 0
1.459999, 1.001026, 0.026771, 9.662758, 0
1.469999, 1.001286, 0.025298, 9.670774, 0
1.479999, 1.001532, 0.023906, 9.678345, 0
1.489999, 1.001764, 0.022589, 9.685598, 0
1.499999, 1.001984, 0.021345, 9.692330, 0
1.509999, 1.002192, 0.020169, 9.698669, 0
1.519999, 1.002388, 0.019055, 9.704920, 0
1.529999, 1.002573, 0.018005, 9.710720, 0
1.539999, 1.002748, 0.017012, 9.716203, 0
1.549999, 1.002914, 0.016074, 9.721170, 0
1.559999, 1.003070, 0.015185, 9.726096, 0
1.569999, 1.003218, 0.014346, 9.730623, 0
1.579999, 1.003357, 0.013553, 9.735063, 0
1.589999, 1.003489, 0.012803, 9.739057, 0
1.599999, 1.003613, 0.012094, 9.743085, 0
1.609999, 1.003731, 0.011425, 9.746628, 0
1.619999, 1.003842, 0.010791, 9.750334, 0
1.629999, 1.003947, 0.010194, 9.753518, 0
1.639999, 1.004046, 0.009629, 9.756662, 0
1.649999, 1.004140, 0.009096, 9.759414, 0
1.659999, 1.004228, 0.008590, 9.762258, 0
1.669999, 1.004312, 0.008113, 9.764851, 0
1.679999, 1.004391, 0.007661, 9.767343, 0
1.689999, 1.004465, 0.007235, 9.769724, 0
1.699999, 1.004535, 0.006832, 9.771982, 0
1.709999, 1.004602, 0.006452, 9.774106, 0
1.719999, 1.004665, 0.006093, 9.776083, 0
1.729999, 1.004724, 0.005754, 9.777902, 0
1.739999, 1.004780, 0.005433, 9.779551, 0
1.749999, 1.004833, 0.005128, 9.781357, 0
1.759999, 1.004882, 0.004842, 9.782982, 0
1.769999, 1.004930, 0.004572, 9.784413, 0
1.779999, 1.004974, 0.004316, 9.785979, 0
1.789999, 1.005016, 0.004075, 9.787171, 0
1.799999, 1.005055, 0.003847, 9.788480, 0
1.809999, 1.005093, 0.003632, 9.789565, 0
1.819999, 1.005128, 0.003428, 9.790756, 0
1.829999, 1.005162, 0.003235, 9.791714, 0
1.839999, 1.005193, 0.003052, 9.792933, 0
1.849999, 1.005223, 0.002882, 9.793744, 0
1.859999, 1.005251, 0.002719, 9.794637, 0
1.869999, 1.005277, 0.002565, 9.795441, 0
1.879999, 1.005302, 0.002420, 9.796321, 0
1.889999, 1.005325, 0.002283, 9.797108, 0
1.899999, 1.005348, 0.002154, 9.797626, 0
1.909999, 1.005369, 0.002030, 9.798370, 0
1.919999, 1.005388, 0.001914, 9.799181, 0
1.929999, 1.005407, 0.001806, 9.799715, 0
1.939999, 1.005424, 0.001703, 9.800303, 0
1.949998, 1.005441, 0.001606, 9.800773, 0
1.959998, 1.005457, 0.001514, 9.801291, 0
1.969998, 1.005471, 0.001427, 9.801854, 0
1.979998, 1.005485, 0.001345, 9.802125, 0
1.989998, 1.005498, 0.001266, 9.802601, 0
1.999998, 1.005511, 0.001192, 9.803118, 0
2.009999, 1.005522, 0.001124, 9.803506, 0
2.019999, 1.005533, 0.001059, 9.803929, 0
2.029999, 1.005543, 0.000998, 9.804217, 0
2.039999, 1.005553, 0.000940, 9.804366, 0
2.049999, 1.005562, 0.000884, 9.804707, 0
2.059999, 1.005571, 0.000831, 9.805077, 0
2.069999, 1.005579, 0.000782, 9.805307, 0
2.079998, 1.005587, 0.000735, 9.805560, 0
2.089998, 1.005594, 0.000690, 9.805837, 0
2.099998, 1.005600, 0.000649, 9.806137, 0
2.109998, 1.005607, 0.000610, 9.806460, 0
2.119998, 1.005613, 0.000575, 9.806468, 0
2.129998, 1.005618, 0.000539, 9.806657, 0
2.139998, 1.005623, 0.000506, 9.806863, 0
2.149998, 1.005628, 0.000474, 9.807087, 0
2.159998, 1.005633, 0.000445, 9.807158, 0
2.169998, 1.005637, 0.000417, 9.807411, 0
2.179998, 1.005641, 0.000391, 9.807512, 0
2.189998, 1.005645, 0.000366, 9.807625, 0
2.199998, 1.005649, 0.000342, 9.807750, 0
2.209998, 1.005652, 0.000320, 9.807885, 0
2.219998, 1.005655, 0.000299, 9.808033, 0
2.229998, 1.005658, 0.000279, 9.808192, 0
2.239998, 1.005661, 0.000261, 9.808363, 0
2.249998, 1.005663, 0.000245, 9.808376, 0
2.259998, 1.005666, 0.000228, 9.808395, 0
2.269998, 1.005668, 0.000212, 9.808590, 0
2.279998, 1.005670, 0.000198, 9.808626, 0
2.289998, 1.005672, 0.000184, 9.808669, 0
2.299998, 1.005673, 0.000171, 9.808887, 0
2.309998, 1.005675, 0.000160, 9.808777, 0
2.319998, 1.005676, 0.000148, 9.809007, 0
2.329998, 1.005678, 0.000138, 9.808908, 0
2.339998, 1.005679, 0.000127, 9.808810, 0
2.349998, 1.005681, 0.000115, 9.808882, 0
2.359998, 1.005682, 0.000104, 9.808959, 0
2.369998, 1.005683, 0.000093, 9.809042, 0
2.379998, 1.005684, 0.000084, 9.809132, 0
2.389998, 1.005685, 0.000075, 9.809226, 0
2.399998, 1.005685, 0.000067, 9.809327, 0
2.409998, 1.005686, 0.000061, 9.809264, 0
2.419998, 1.005687, 0.000053, 9.809371, 0
2.429998, 1.005687, 0.000047, 9.809484, 0
2.439998, 1.005688, 0.000042, 9.809432, 0
2.449998, 1.005688, 0.000036, 9.809381, 0
2.459998, 1.005688, 0.000030, 9.809499, 0
2.469998, 1.005689, 0.000025, 9.809453, 0
2.479998, 1.005689, 0.000019, 9.809578, 0
2.489998, 1.005689, 0.000015, 9.809538, 0
2.499998, 1.005689, 0.000011, 9.809668, 0
2.509998, 1.005690, 0.000007, 9.809634, 0
2.519998, 1.005690, 0.000004, 9.809601, 0
2.529998, 1.005690, -0.000000, 9.809736, 0
2.539998, 1.005690, -0.000003, 9.809709, 0
2.549998, 1.005690, -0.000006, 9.809680, 0
2.559998, 1.005690, -0.000009, 9.809652, 0
2.569998, 1.005690, -0.000013, 9.809794, 0
2.579998, 1.005689, -0.000015, 9.809772, 0
2.589998, 1.005689, -0.000017, 9.809750, 0
2.599998, 1.005689, -0.000019, 9.809728, 0
2.609998, 1.005689, -0.000022, 9.809875, 0
2.619998, 1.005689, -0.000023, 9.809859, 0
2.629998, 1.005688, -0.000025, 9.809843, 0
2.639998, 1.005688, -0.000026, 9.809827, 0
2.649998, 1.005688, -0.000028, 9.809811, 0
2.659998, 1.005688, -0.000030, 9.809794, 0
2.669998, 1.005687, -0.000032, 9.809948, 0
2.679998, 1.005687, -0.000033, 9.809937, 0
2.689998, 1.005687, -0.000033, 9.809927, 0
2.699998, 1.005686, -0.000034, 9.809916, 0
2.709998, 1.005686, -0.000035, 9.809906, 0
2.719998, 1.005686, -0.000036, 9.809896, 0
2.729998, 1.005685, -0.000037, 9.809886, 0
2.739998, 1.005685, -0.000038, 9.809875, 0
2.749998, 1.005684, -0.000039, 9.809865, 0
2.759998, 1.005684, -0.000041, 9.809855, 0
2.769998, 1.005684, -0.000042, 9.809844, 0
2.779998, 1.005683, -0.000044, 9.810003, 0
2.789998, 1.005683, -0.000044, 9.809999, 0
2.799998, 1.005682, -0.000044, 9.809995, 0
2.809998, 1.005682, -0.000044, 9.809990, 0
2.819998, 1.005681, -0.000044, 9.809986, 0
2.829998, 1.005681, -0.000044, 9.809981, 0
2.839998, 1.005680, -0.000044, 9.809977, 0
2.849998, 1.005680, -0.000044, 9.809972, 0
2.859998, 1.005679, -0.000045, 9.809968, 0
2.869998, 1.005679, -0.000045, 9.809963, 0
2.879998, 1.005679, -0.000045, 9.809958, 0
2.889998, 1.005678, -0.000046, 9.809955, 0
2.899998, 1.005678, -0.000046, 9.809950, 0
2.909998, 1.005677, -0.000047, 9.809945, 0
2.919998, 1.005677, -0.000047, 9.809941, 0
2.929998, 1.005676, -0.000048, 9.809937, 0
2.939998, 1.005676, -0.000048, 9.809932, 0
2.949998, 1.005675, -0.000049, 9.809928, 0
2.959998, 1.005675, -0.000050, 9.809923, 0
2.969998, 1.005674, -0.000051, 9.809918, 0
2.979998, 1.005674, -0.000051, 9.809915, 0
2.989998, 1.005673, -0.000052, 9.809910, 0
2.999998, 1.005673, -0.000053, 9.809905, 0
3.009998, 1.005672, -0.000054, 9.809901, 0
3.019998, 1.005672, -0.000055, 9.810066, 0
3.029998, 1.005671, -0.000055, 9.810067, 0
3.039998, 1.005671, -0.000054, 9.810069, 0
3.049998, 1.005670, -0.000053, 9.810070, 0
3.059998, 1.005669, -0.000052, 9.809902, 0
3.069998, 1.005669, -0.000053, 9.809897, 0
3.079998, 1.005669, -0.000054, 9.809894, 0
3.089998, 1.005668, -0.000056, 9.810059, 0
3.099998, 1.005667, -0.000055, 9.810061, 0
3.109998, 1.005667, -0.000054, 9.810061, 0
3.119998, 1.005666, -0.000054, 9.810063, 0
3.129997, 1.005666, -0.000053, 9.810064, 0
3.139997, 1.005665, -0.000052, 9.809896, 0
3.149997, 1.005665, -0.000054, 9.809892, 0
3.159997, 1.005664, -0.000055, 9.809888, 0
3.169997, 1.005664, -0.000056, 9.810053, 0
3.179997, 1.005663, -0.000055, 9.810054, 0
3.189997, 1.005662, -0.000055, 9.810056, 0
3.199997, 1.005662, -0.000054, 9.810057, 0
3.209997, 1.005661, -0.000054, 9.810059, 0
3.219997, 1.005661, -0.000053, 9.809891, 0
3.229997, 1.005660, -0.000054, 9.809886, 0
3.239997, 1.005660, -0.000055, 9.810051, 0
3.249997, 1.005659, -0.000055, 9.810053, 0
3.259997, 1.005658, -0.000054, 9.810054, 0
3.269997, 1.005658, -0.000054, 9.810056, 0
3.279997, 1.005657, -0.000053, 9.810058, 0
3.289997, 1.005657, -0.000053, 9.809889, 0
3.299997, 1.005656, -0.000054, 9.809885, 0
3.309997, 1.005656, -0.000055, 9.810050, 0
3.319997, 1.005655, -0.000054, 9.810051, 0
3.329997, 1.005654, -0.000054, 9.810053, 0
3.339997, 1.005654, -0.000053, 9.810055, 0
3.349997, 1.005653, -0.000053, 9.809886, 0
3.359997, 1.005653, -0.000054, 9.809882, 0
3.369997, 1.005652, -0.000055, 9.810047, 0
3.379997, 1.005652, -0.000055, 9.810049, 0
3.389997, 1.005651, -0.000054, 9.810050, 0
3.399997, 1.005651, -0.000054, 9.810052, 0
3.409997, 1.005650, -0.000053, 9.809884, 0
3.419997, 1.005650, -0.000054, 9.809879, 0
3.429997, 1.005649, -0.000055, 9.810044, 0
3.439997, 1.005648, -0.000055, 9.810046, 0
3.449997, 1.005648, -0.000055, 9.810048, 0
3.459997, 1.005647, -0.000054, 9.810049, 0
3.469997, 1.005647, -0.000054, 9.810051, 0
3.479997, 1.005646, -0.000053, 9.809883, 0
3.489997, 1.005646, -0.000054, 9.809878, 0
3.499997, 1.005645, -0.000056, 9.810044, 0
3.509997, 1.005644, -0.000055, 9.810045, 0
3.519997, 1.005644, -0.000055, 9.810047, 0
3.529997, 1.005643, -0.000054, 9.810048, 0
3.539997, 1.005643, -0.000054, 9.810050, 0
3.549997, 1.005642, -0.000053, 9.810052, 0
3.559997, 1.005642, -0.000053, 9.809883, 0
3.569997, 1.005641, -0.000054, 9.809879, 0
3.579997, 1.005641, -0.000055, 9.810044, 0
3.589997, 1.005640, -0.000055, 9.810046, 0
3.599997, 1.005639, -0.000054, 9.810048, 0
3.609997, 1.005639, -0.000054, 9.810049, 0
3.619997, 1.005638, -0.000053, 9.810051, 0
3.629997, 1.005638, -0.000053, 9.809883, 0
3.639997, 1.005637, -0.000054, 9.809878, 0
3.649997, 1.005637, -0.000055, 9.810044, 0
3.659997, 1.005636, -0.000055, 9.810045, 0
3.669997, 1.005635, -0.000054, 9.810047, 0
3.679997, 1.005635, -0.000054, 9.810049, 0
3.689997, 1.005634, -0.000053, 9.810050, 0
3.699997, 1.005634, -0.000053, 9.809882, 0
3.709997, 1.005633, -0.000054, 9.809878, 0
3.719997, 1.005633, -0.000055, 9.810043, 0
3.729997, 1.005632, -0.000055, 9.810045, 0
3.739997, 1.005631, -0.000054, 9.810046, 0
3.749997, 1.005631, -0.000054, 9.810048, 0
3.759997, 1.005630, -0.000053, 9.810050, 0
3.769997, 1.005630, -0.000053, 9.809882, 0
3.779997, 1.005629, -0.000054, 9.809877, 0
3.789997, 1.005629, -0.000055, 9.810043, 0
3.799997, 1.005628, -0.000055, 9.810044, 0
3.809997, 1.005628, -0.000054, 9.810046, 0
3.819997, 1.005627, -0.000054, 9.810048, 0
3.829997, 1.005626, -0.000053, 9.810050, 0
3.839997, 1.005626, -0.000053, 9.809882, 0
3.849997, 1.005625, -0.000054, 9.809877, 0
3.859997, 1.005625, -0.000055, 9.810042, 0
3.869997, 1.005624, -0.000055, 9.810044, 0
3.879997, 1.005624, -0.000054, 9.810046, 0
3.889997, 1.005623, -0.000054, 9.810048, 0
3.899997, 1.005622, -0.000054, 9.810049, 0
3.909997, 1.005622, -0.000053, 9.809881, 0
3.919997, 1.005621, -0.000054, 9.809877, 0
3.929997, 1.005621, -0.000056, 9.810042, 0
3.939997, 1.005620, -0.000055, 9.810044, 0
3.949997, 1.005620, -0.000055, 9.810046, 0
3.959997, 1.005619, -0.000054, 9.810048, 0
3.969997, 1.005618, -0.000054, 9.810049, 0
3.979997, 1.005618, -0.000053, 9.810051, 0
3.989997, 1.005617, -0.000053, 9.809883, 0
3.999997, 1.005617, -0.000054, 9.809879, 0
4.009997, 1.005616, -0.000055, 9.810044, 0
4.019997, 1.005616, -0.000055, 9.810046, 0
4.029997, 1.005615, -0.000054, 9.810048, 0
4.039998, 1.005615, -0.000054, 9.810050, 0
4.049998, 1.005614, -0.000053, 9.810051, 0
4.059998, 1.005613, -0.000053, 9.809883, 0
4.069998, 1.005613, -0.000054, 9.809879, 0
4.079998, 1.005612, -0.000055, 9.810044, 0
4.089999, 1.005612, -0.000055, 9.810046, 0
4.099999, 1.005611, -0.000054, 9.810048, 0
4.109999, 1.005611, -0.000054, 9.810050, 0
4.119999, 1.005610, -0.000053, 9.810052, 0
4.130000, 1.005610, -0.000053, 9.809884, 0
4.140000, 1.005609, -0.000054, 9.809879, 0
4.150000, 1.005608, -0.000055, 9.810045, 0
4.160000, 1.005608, -0.000055, 9.810047, 0
4.170001, 1.005607, -0.000054, 9.810048, 0
4.180001, 1.005607, -0.000054, 9.810050, 0
4.190001, 1.005606, -0.000053, 9.810052, 0
4.200001, 1.005606, -0.000053, 9.809884, 0
4.210001, 1.005605, -0.000054, 9.809880, 0
4.220002, 1.005605, -0.000055, 9.810045, 0
4.230002, 1.005604, -0.000055, 9.810047, 0
4.240002, 1.005603, -0.000054, 9.810049, 0
4.250002, 1.005603, -0.000054, 9.810051, 0
4.260003, 1.005602, -0.000053, 9.810053, 0
4.270003, 1.005602, -0.000053, 9.809885, 0
4.280003, 1.005601, -0.000054, 9.809880, 0
4.290003, 1.005601, -0.000055, 9.810046, 0
4.300004, 1.005600, -0.000055, 9.810048, 0
4.310004, 1.005599, -0.000054, 9.810050, 0
4.320004, 1.005599, -0.000054, 9.810051, 0
4.330004, 1.005598, -0.000053, 9.809884, 0
4.340004, 1.005598, -0.000054, 9.809879, 0
4.350005, 1.005597, -0.000055, 9.810045, 0
4.360005, 1.005597, -0.000055, 9.810047, 0
4.370005, 1.005596, -0.000055, 9.810049, 0
4.380005, 1.005595, -0.000054, 9.810050, 0
4.390006, 1.005595, -0.000054, 9.810052, 0
4.400006, 1.005594, -0.000053, 9.809884, 0
4.410006, 1.005594, -0.000054, 9.809880, 0
4.420006, 1.005593, -0.000055, 9.810046, 0
4.430007, 1.005593, -0.000055, 9.810048, 0
4.440007, 1.005592, -0.000054, 9.810050, 0
4.450007, 1.005592, -0.000054, 9.810051, 0
4.460007, 1.005591, -0.000053, 9.810053, 0
4.470007, 1.005590, -0.000053, 9.809885, 0
4.480008, 1.005590, -0.000054, 9.809881, 0
4.490008, 1.005589, -0.000055, 9.810047, 0
4.500008, 1.005589, -0.000055, 9.810049, 0
4.510008, 1.005588, -0.000054, 9.810051, 0
4.520009, 1.005588, -0.000054, 9.810052, 0
4.530009, 1.005587, -0.000053, 9.810054, 0
4.540009, 1.005587, -0.000053, 9.809887, 0
4.550009, 1.005586, -0.000054, 9.809882, 0
4.560009, 1.005585, -0.000055, 9.810048, 0
4.570010, 1.005585, -0.000055, 9.810050, 0
4.580010, 1.005584, -0.000054, 9.810052, 0
4.590010, 1.005584, -0.000054, 9.810054, 0
4.600010, 1.005583, -0.000053, 9.809886, 0
4.610011, 1.005583, -0.000054, 9.809882, 0
4.620011, 1.005582, -0.000055, 9.810047, 0
4.630011, 1.005581, -0.000055, 9.810049, 0
4.640011, 1.005581, -0.000054, 9.810051, 0
4.650012, 1.005580, -0.000054, 9.810053, 0
4.660012, 1.005580, -0.000053, 9.810055, 0
4.670012, 1.005579, -0.000053, 9.809887, 0
4.680012, 1.005579, -0.000054, 9.809883, 0
4.690012, 1.005578, -0.000055, 9.810049, 0
4.700013, 1.005578, -0.000055, 9.810051, 0
4.710013, 1.005577, -0.000054, 9.810053, 0
4.720013, 1.005576, -0.000054, 9.810055, 0
4.730013, 1.005576, -0.000053, 9.809887, 0
4.740014, 1.005575, -0.000054, 9.809883, 0
4.750014, 1.005575, -0.000055, 9.810048, 0
4.760014, 1.005574, -0.000055, 9.810050, 0
4.770014, 1.005574, -0.000054, 9.810052, 0
4.780015, 1.005573, -0.000054, 9.810054, 0
4.790015, 1.005572, -0.000053, 9.810056, 0
4.800015, 1.005572, -0.000053, 9.809888, 0
4.810015, 1.005571, -0.000054, 9.809884, 0
4.820015, 1.005571, -0.000055, 9.810050, 0
4.830016, 1.005570, -0.000055, 9.810052, 0
4.840016, 1.005570, -0.000054, 9.810054, 0
4.850016, 1.005569, -0.000054, 9.810056, 0
4.860016, 1.005569, -0.000053, 9.809888, 0
4.870017, 1.005568, -0.000054, 9.809884, 0
4.880017, 1.005568, -0.000055, 9.810050, 0
4.890017, 1.005567, -0.000055, 9.810052, 0
4.900017, 1.005566, -0.000054, 9.810054, 0
4.910017, 1.005566, -0.000054, 9.810056, 0
4.920018, 1.005565, -0.000053, 9.810058, 0
4.930018, 1.005565, -0.000053, 9.809890, 0
4.940018, 1.005564, -0.000054, 9.809886, 0
4.950018, 1.005564, -0.000055, 9.810052, 0
4.960019, 1.005563, -0.000054, 9.810054, 0
4.970019, 1.005562, -0.000054, 9.810056, 0
4.980019, 1.005562, -0.000053, 9.810058, 0
4.990019, 1.005561, -0.000053, 9.809890, 0
5.000020, 1.005561, -0.000054, 9.809886, 0
5.010020, 1.005560, -0.000055, 9.810052, 0
5.020020, 1.005560, -0.000054, 9.810054, 0
5.030020, 1.005559, -0.000054, 9.810056, 0
5.040020, 1.005558, -0.000053, 9.810058, 0
5.050021, 1.005558, -0.000053, 9.809890, 0
5.060021, 1.005558, -0.000054, 9.809886, 0
5.070021, 1.005557, -0.000055, 9.810052, 0
5.080021, 1.005556, -0.000055, 9.810054, 0
5.090022, 1.005556, -0.000054, 9.810056, 0
5.100022, 1.005555, -0.000053, 9.810058, 0
5.110022, 1.005555, -0.000053, 9.809891, 0
5.120022, 1.005554, -0.000054, 9.809886, 0
5.130023, 1.005554, -0.000055, 9.810052, 0
5.140023, 1.005553, -0.000055, 9.810054, 0
5.150023, 1.005552, -0.000054, 9.810056, 0
5.160023, 1.005552, -0.000054, 9.810059, 0
5.170023, 1.005551, -0.000053, 9.809891, 0
5.180024, 1.005551, -0.000054, 9.809887, 0
5.190024, 1.005550, -0.000055, 9.810053, 0
5.200024, 1.005550, -0.000055, 9.810055, 0
5.210024, 1.005549, -0.000054, 9.810057, 0
5.220025, 1.005548, -0.000054, 9.810059, 0
5.230025, 1.005548, -0.000053, 9.809891, 0
5.240025, 1.005548, -0.000054, 9.809887, 0
5.250025, 1.005547, -0.000055, 9.810053, 0
5.260026, 1.005546, -0.000055, 9.810055, 0
5.270026, 1.005546, -0.000054, 9.810057, 0
5.280026, 1.005545, -0.000054, 9.810059, 0
5.290026, 1.005545, -0.000053, 9.809892, 0
5.300026, 1.005544, -0.000054, 9.809888, 0
5.310027, 1.005544, -0.000055, 9.810054, 0
5.320027, 1.005543, -0.000055, 9.810056, 0
5.330027, 1.005542, -0.000054, 9.810058, 0
5.340027, 1.005542, -0.000054, 9.810060, 0
5.350028, 1.005541, -0.000053, 9.809892, 0
5.360028, 1.005541, -0.000054, 9.809888, 0
5.370028, 1.005540, -0.000055, 9.810054, 0
5.380028, 1.005540, -0.000055, 9.810056, 0
5.390028, 1.005539, -0.000054, 9.810059, 0
5.400029, 1.005538, -0.000053, 9.810061, 0
5.410029, 1.005538, -0.000053, 9.809893, 0
5.420029, 1.005538, -0.000054, 9.809889, 0
5.430029, 1.005537, -0.000055, 9.810055, 0
5.440030, 1.005536, -0.000055, 9.810057, 0
5.450030, 1.005536, -0.000054, 9.810059, 0
5.460030, 1.005535, -0.000053, 9.810061, 0
5.470030, 1.005535, -0.000053, 9.809894, 0
5.480031, 1.005534, -0.000054, 9.809890, 0
5.490031, 1.005534, -0.000055, 9.810056, 0
5.500031, 1.005533, -0.000054, 9.810058, 0
5.510031, 1.005532, -0.000054, 9.810060, 0
5.520031, 1.005532, -0.000053, 9.810062, 0
5.530032, 1.005531, -0.000053, 9.809895, 0
5.540032, 1.005531, -0.000054, 9.809891, 0
5.550032, 1.005530, -0.000055, 9.810057, 0
5.560032, 1.005530, -0.000054, 9.810059, 0
5.570033, 1.005529, -0.000054, 9.810061, 0
5.580033, 1.005529, -0.000053, 9.809894, 0
5.590033, 1.005528, -0.000054, 9.809890, 0
5.600033, 1.005527, -0.000055, 9.810056, 0
5.610034, 1.005527, -0.000055, 9.810058, 0
5.620034, 1.005526, -0.000054, 9.810060, 0
5.630034, 1.005526, -0.000053, 9.810061, 0
5.640034, 1.005525, -0.000053, 9.809895, 0
5.650034, 1.005525, -0.000054, 9.809891, 0
5.660035, 1.005524, -0.000055, 9.810057, 0
5.670035, 1.005524, -0.000054, 9.810059, 0
5.680035, 1.005523, -0.000054, 9.810061, 0
5.690035, 1.005522, -0.000053, 9.810063, 0
5.700036, 1.005522, -0.000053, 9.809896, 0
5.710036, 1.005521, -0.000054, 9.809892, 0
5.720036, 1.005521, -0.000055, 9.810058, 0
5.730036, 1.005520, -0.000054, 9.810060, 0
5.740036, 1.005520, -0.000054, 9.810062, 0
5.750037, 1.005519, -0.000053, 9.809895, 0
5.760037, 1.005519, -0.000054, 9.809891, 0
5.770037, 1.005518, -0.000055, 9.810057, 0
5.780037, 1.005517, -0.000055, 9.810060, 0
5.790038, 1.005517, -0.000054, 9.810061, 0
5.800038, 1.005516, -0.000053, 9.810063, 0
5.810038, 1.005516, -0.000053, 9.809896, 0
5.820038, 1.005515, -0.000054, 9.809893, 0
5.830039, 1.005515, -0.000055, 9.810059, 0
5.840039, 1.005514, -0.000054, 9.810061, 0
5.850039, 1.005514, -0.000054, 9.810062, 0
5.860039, 1.005513, -0.000053, 9.810065, 0
5.870039, 1.005512, -0.000052, 9.809897, 0
5.880040, 1.005512, -0.000053, 9.809894, 0
5.890040, 1.005512, -0.000055, 9.809890, 0
5.900040, 1.005511, -0.000056, 9.810056, 0
5.910040, 1.005510, -0.000055, 9.810059, 0
5.920041, 1.005510, -0.000054, 9.810061, 0
5.930041, 1.005509, -0.000054, 9.810062, 0
5.940041, 1.005509, -0.000053, 9.810065, 0
5.950041, 1.005508, -0.000053, 9.809897, 0
5.960042, 1.005508, -0.000054, 9.809895, 0
5.970042, 1.005507, -0.000055, 9.810061, 0
5.980042, 1.005506, -0.000054, 9.810062, 0
5.990042, 1.005506, -0.000053, 9.810064, 0
6.000042, 1.005505, -0.000053, 9.809897, 0
6.010043, 1.005505, -0.000054, 9.809894, 0
6.020043, 1.005504, -0.000055, 9.810060, 0
6.030043, 1.005504, -0.000054, 9.810061, 0
6.040043, 1.005503, -0.000054, 9.810064, 0
6.050044, 1.005502, -0.000053, 9.810066, 0
6.060044, 1.005502, -0.000052, 9.809899, 0
6.070044, 1.005502, -0.000053, 9.809896, 0
6.080044, 1.005501, -0.000055, 9.809892, 0
6.090044, 1.005500, -0.000056, 9.810058, 0
6.100045, 1.005500, -0.000055, 9.810060, 0
6.110045, 1.005499, -0.000054, 9.810062, 0
6.120045, 1.005499, -0.000054, 9.810064, 0
6.130045, 1.005498, -0.000053, 9.810067, 0
6.140046, 1.005498, -0.000053, 9.809899, 0
6.150046, 1.005497, -0.000054, 9.809896, 0
6.160046, 1.005497, -0.000055, 9.809893, 0
6.170046, 1.005496, -0.000056, 9.810059, 0
6.180047, 1.005495, -0.000055, 9.810061, 0
6.190047, 1.005495, -0.000054, 9.810062, 0
6.200047, 1.005494, -0.000054, 9.810065, 0
6.210047, 1.005494, -0.000053, 9.810067, 0
6.220047, 1.005493, -0.000053, 9.809900, 0
6.230048, 1.005493, -0.000054, 9.809896, 0
6.240048, 1.005492, -0.000055, 9.809893, 0
6.250048, 1.005492, -0.000056, 9.810060, 0
6.260048, 1.005491, -0.000055, 9.810061, 0
6.270049, 1.005490, -0.000054, 9.810063, 0
6.280049, 1.005490, -0.000054, 9.810066, 0
6.290049, 1.005489, -0.000053, 9.810068, 0
6.300049, 1.005489, -0.000052, 9.809901, 0
6.310050, 1.005488, -0.000053, 9.809897, 0
6.320050, 1.005488, -0.000054, 9.809894, 0
6.330050, 1.005487, -0.000056, 9.810060, 0
6.340050, 1.005487, -0.000055, 9.810062, 0
6.350050, 1.005486, -0.000054, 9.810064, 0
6.360051, 1.005485, -0.000054, 9.810067, 0
6.370051, 1.005485, -0.000053, 9.810069, 0
6.380051, 1.005484, -0.000052, 9.809902, 0
6.390051, 1.005484, -0.000053, 9.809898, 0
6.400052, 1.005483, -0.000054, 9.809896, 0
6.410052, 1.005483, -0.000055, 9.810061, 0
6.420052, 1.005482, -0.000055, 9.810063, 0
6.430052, 1.005482, -0.000054, 9.810066, 0
6.440053, 1.005481, -0.000054, 9.810068, 0
6.450053, 1.005481, -0.000053, 9.809901, 0
6.460053, 1.005480, -0.000054, 9.809897, 0
6.470053, 1.005479, -0.000055, 9.810063, 0
6.480053, 1.005479, -0.000054, 9.810066, 0
6.490054, 1.005478, -0.000054, 9.810068, 0
6.500054, 1.005478, -0.000053, 9.809901, 0
6.510054, 1.005477, -0.000054, 9.809897, 0
6.520054, 1.005477, -0.000055, 9.810063, 0
6.530055, 1.005476, -0.000054, 9.810066, 0
6.540055, 1.005476, -0.000054, 9.810068, 0
6.550055, 1.005475, -0.000053, 9.809901, 0
6.560055, 1.005475, -0.000054, 9.809897, 0
6.570055, 1.005474, -0.000055, 9.810064, 0
6.580056, 1.005473, -0.000054, 9.810066, 0
6.590056, 1.005473, -0.000054, 9.810069, 0
6.600056, 1.005472, -0.000053, 9.810071, 0
6.610056, 1.005472, -0.000052, 9.809904, 0
6.620057, 1.005471, -0.000053, 9.809900, 0
6.630057, 1.005471, -0.000054, 9.809897, 0
6.640057, 1.005470, -0.000055, 9.810063, 0
6.650057, 1.005470, -0.000055, 9.810065, 0
6.660058, 1.005469, -0.000054, 9.810068, 0
6.670058, 1.005468, -0.000053, 9.810070, 0
6.680058, 1.005468, -0.000053, 9.809903, 0
6.690058, 1.005467, -0.000054, 9.809900, 0
6.700058, 1.005467, -0.000055, 9.809896, 0
6.710059, 1.005466, -0.000056, 9.810062, 0
6.720059, 1.005466, -0.000055, 9.810065, 0
6.730059, 1.005465, -0.000054, 9.810067, 0
6.740059, 1.005465, -0.000054, 9.810070, 0
6.750060, 1.005464, -0.000053, 9.810072, 0
6.760060, 1.005463, -0.000052, 9.809905, 0
6.770060, 1.005463, -0.000053, 9.809902, 0
6.780060, 1.005463, -0.000054, 9.809898, 0
6.790061, 1.005462, -0.000055, 9.810064, 0
6.800061, 1.005461, -0.000055, 9.810067, 0
6.810061, 1.005461, -0.000054, 9.810069, 0
6.820061, 1.005460, -0.000053, 9.810072, 0
6.830061, 1.005460, -0.000053, 9.809905, 0
6.840062, 1.005459, -0.000053, 9.809901, 0
6.850062, 1.005459, -0.000054, 9.809898, 0
6.860062, 1.005458, -0.000056, 9.810064, 0
6.870062, 1.005458, -0.000055, 9.810066, 0
6.880063, 1.005457, -0.000054, 9.810069, 0
6.890063, 1.005456, -0.000054, 9.810072, 0
6.900063, 1.005456, -0.000053, 9.809904, 0
6.910063, 1.005455, -0.000054, 9.809901, 0
6.920063, 1.005455, -0.000055, 9.810067, 0
6.930064, 1.005454, -0.000054, 9.810070, 0
6.940064, 1.005454, -0.000053, 9.810072, 0
6.950064, 1.005453, -0.000053, 9.809905, 0
6.960064, 1.005453, -0.000054, 9.809902, 0
6.970065, 1.005452, -0.000055, 9.809898, 0
6.980065, 1.005452, -0.000056, 9.810064, 0
6.990065, 1.005451, -0.000055, 9.810067, 0
7.000065, 1.005450, -0.000054, 9.810070, 0
7.010066, 1.005450, -0.000054, 9.810072, 0
7.020066, 1.005449, -0.000053, 9.809905, 0
7.030066, 1.005449, -0.000054, 9.809902, 0
7.040066, 1.005448, -0.000055, 9.810068, 0
7.050066, 1.005448, -0.000054, 9.810071, 0
7.060067, 1.005447, -0.000053, 9.810073, 0
7.070067, 1.005447, -0.000053, 9.809906, 0
7.080067, 1.005446, -0.000054, 9.809903, 0
7.090067, 1.005445, -0.000055, 9.810069, 0
7.100068, 1.005445, -0.000054, 9.810071, 0
7.110068, 1.005444, -0.000053, 9.810074, 0
7.120068, 1.005444, -0.000053, 9.809907, 0
7.130068, 1.005443, -0.000053, 9.809904, 0
7.140069, 1.005443, -0.000054, 9.809900, 0
7.150069, 1.005442, -0.000055, 9.810066, 0
7.160069, 1.005442, -0.000055, 9.810069, 0
7.170069, 1.005441, -0.000054, 9.810072, 0
7.180069, 1.005440, -0.000053, 9.810074, 0
7.190070, 1.005440, -0.000053, 9.809907, 0
7.200070, 1.005440, -0.000054, 9.809904, 0
7.210070, 1.005439, -0.000055, 9.809900, 0
7.220070, 1.005438, -0.000056, 9.810067, 0
7.230071, 1.005438, -0.000055, 9.810069, 0
7.240071, 1.005437, -0.000054, 9.810072, 0
7.250071, 1.005437, -0.000053, 9.810075, 0
7.260071, 1.005436, -0.000053, 9.809908, 0
7.270072, 1.005436, -0.000054, 9.809904, 0
7.280072, 1.005435, -0.000055, 9.810071, 0
7.290072, 1.005435, -0.000054, 9.810073, 0
7.300072, 1.005434, -0.000053, 9.810076, 0
7.310072, 1.005433, -0.000052, 9.809909, 0
7.320073, 1.005433, -0.000053, 9.809906, 0
7.330073, 1.005432, -0.000054, 9.809902, 0
7.340073, 1.005432, -0.000055, 9.810069, 0
7.350073, 1.005431, -0.000055, 9.810071, 0
7.360074, 1.005431, -0.000054, 9.810074, 0
7.370074, 1.005430, -0.000053, 9.810077, 0
7.380074, 1.005430, -0.000052, 9.809910, 0
7.390074, 1.005429, -0.000053, 9.809906, 0
7.400074, 1.005429, -0.000054, 9.809903, 0
7.410075, 1.005428, -0.000055, 9.810069, 0
7.420075, 1.005427, -0.000055, 9.810072, 0
7.430075, 1.005427, -0.000054, 9.810075, 0
7.440075, 1.005426, -0.000053, 9.810078, 0
7.450076, 1.005426, -0.000052, 9.809910, 0
7.460076, 1.005425, -0.000053, 9.809907, 0
7.470076, 1.005425, -0.000054, 9.809904, 0
7.480076, 1.005424, -0.000055, 9.810070, 0
7.490077, 1.005424, -0.000054, 9.810073, 0
7.500077, 1.005423, -0.000054, 9.810076, 0
7.510077, 1.005422, -0.000053, 9.810078, 0
7.520077, 1.005422, -0.000052, 9.809911, 0
7.530077, 1.005422, -0.000053, 9.809908, 0
7.540078, 1.005421, -0.000054, 9.809905, 0
7.550078, 1.005420, -0.000055, 9.810071, 0
7.560078, 1.005420, -0.000054, 9.810074, 0
7.570078, 1.005419, -0.000053, 9.810077, 0
7.580079, 1.005419, -0.000053, 9.809910, 0
7.590079, 1.005418, -0.000054, 9.809906, 0
7.600079, 1.005418, -0.000055, 9.809903, 0
7.610079, 1.005417, -0.000056, 9.810069, 0
7.620080, 1.005417, -0.000055, 9.810072, 0
7.630080, 1.005416, -0.000054, 9.810075, 0
7.640080, 1.005415, -0.000053, 9.810078, 0
7.650080, 1.005415, -0.000053, 9.809911, 0
7.660080, 1.005414, -0.000054, 9.809908, 0
7.670081, 1.005414, -0.000054, 9.809904, 0
7.680081, 1.005413, -0.000055, 9.810071, 0
7.690081, 1.005413, -0.000055, 9.810074, 0
7.700081, 1.005412, -0.000054, 9.810076, 0
7.710082, 1.005412, -0.000053, 9.810079, 0
7.720082, 1.005411, -0.000052, 9.809912, 0
7.730082, 1.005411, -0.000053, 9.809909, 0
7.740082, 1.005410, -0.000054, 9.809906, 0
7.750082, 1.005410, -0.000055, 9.810072, 0
7.760083, 1.005409, -0.000054, 9.810075, 0
7.770083, 1.005408, -0.000054, 9.810078, 0
7.780083, 1.005408, -0.000053, 9.810081, 0
7.790083, 1.005407, -0.000052, 9.809914, 0
7.800084, 1.005407, -0.000053, 9.809910, 0
7.810084, 1.005406, -0.000054, 9.809907, 0
7.820084, 1.005406, -0.000055, 9.810074, 0
7.830084, 1.005405, -0.000054, 9.810076, 0
7.840085, 1.005405, -0.000053, 9.810079, 0
7.850085, 1.005404, -0.000053, 9.809912, 0
7.860085, 1.005404, -0.000053, 9.809909, 0
7.870085, 1.005403, -0.000054, 9.809906, 0
7.880085, 1.005403, -0.000055, 9.810072, 0
7.890086, 1.005402, -0.000055, 9.810075, 0
7.900086, 1.005401, -0.000054, 9.810078, 0
7.910086, 1.005401, -0.000053, 9.810081, 0
7.920086, 1.005400, -0.000052, 9.809914, 0
7.930087, 1.005400, -0.000053, 9.809911, 0
7.940087, 1.005399, -0.000054, 9.809908, 0
7.950087, 1.005399, -0.000055, 9.810074, 0
7.960087, 1.005398, -0.000054, 9.810077, 0
7.970088, 1.005398, -0.000053, 9.810080, 0
7.980088, 1.005397, -0.000053, 9.809913, 0
7.990088, 1.005397, -0.000054, 9.809910, 0
8.000088, 1.005396, -0.000054, 9.809907, 0
8.010088, 1.005396, -0.000055, 9.810073, 0
8.020088, 1.005395, -0.000055, 9.810076, 0
8.030088, 1.005394, -0.000054, 9.810079, 0
8.040089, 1.005394, -0.000053, 9.810081, 0
8.050089, 1.005393, -0.000052, 9.809915, 0
8.060089, 1.005393, -0.000053, 9.809912, 0
8.070089, 1.005392, -0.000054, 9.809909, 0
8.080090, 1.005392, -0.000055, 9.810075, 0
8.090090, 1.005391, -0.000054, 9.810078, 0
8.100090, 1.005391, -0.000053, 9.810081, 0
8.110090, 1.005390, -0.000053, 9.809914, 0
8.120090, 1.005390, -0.000054, 9.809911, 0
8.130091, 1.005389, -0.000054, 9.809908, 0
8.140091, 1.005388, -0.000055, 9.810074, 0
8.150091, 1.005388, -0.000055, 9.810077, 0
8.160091, 1.005387, -0.000054, 9.810080, 0
8.170092, 1.005387, -0.000053, 9.810082, 0
8.180092, 1.005386, -0.000052, 9.809916, 0
8.190092, 1.005386, -0.000053, 9.809913, 0
8.200092, 1.005385, -0.000054, 9.809910, 0
8.210093, 1.005385, -0.000055, 9.810077, 0
8.220093, 1.005384, -0.000054, 9.810080, 0
8.230093, 1.005383, -0.000053, 9.810082, 0
8.240093, 1.005383, -0.000053, 9.809916, 0
8.250093, 1.005383, -0.000053, 9.809913, 0
8.260094, 1.005382, -0.000054, 9.809909, 0
8.270094, 1.005381, -0.000055, 9.810076, 0
8.280094, 1.005381, -0.000054, 9.810079, 0
8.290094, 1.005380, -0.000054, 9.810081, 0
8.300095, 1.005380, -0.000053, 9.809915, 0
8.310095, 1.005379, -0.000054, 9.809912, 0
8.320095, 1.005379, -0.000055, 9.810079, 0
8.330095, 1.005378, -0.000054, 9.810081, 0
8.340096, 1.005378, -0.000053, 9.810084, 0
8.350096, 1.005377, -0.000052, 9.809917, 0
8.360096, 1.005377, -0.000053, 9.809915, 0
8.370096, 1.005376, -0.000054, 9.809912, 0
8.380096, 1.005376, -0.000055, 9.810078, 0
8.390097, 1.005375, -0.000054, 9.810081, 0
8.400097, 1.005374, -0.000053, 9.810083, 0
8.410097, 1.005374, -0.000052, 9.809917, 0
8.420097, 1.005373, -0.000053, 9.809915, 0
8.430098, 1.005373, -0.000054, 9.809911, 0
8.440098, 1.005372, -0.000055, 9.810078, 0
8.450098, 1.005372, -0.000054, 9.810081, 0
8.460098, 1.005371, -0.000053, 9.810083, 0
8.470098, 1.005371, -0.000052, 9.809916, 0
8.480099, 1.005370, -0.000053, 9.809914, 0
8.490099, 1.005370, -0.000054, 9.809911, 0
8.500099, 1.005369, -0.000055, 9.810078, 0
8.510099, 1.005368, -0.000054, 9.810081, 0
8.520100, 1.005368, -0.000054, 9.810083, 0
8.530100, 1.005367, -0.000053, 9.809916, 0
8.540100, 1.005367, -0.000054, 9.809914, 0
8.550100, 1.005366, -0.000054, 9.809911, 0
8.560101, 1.005366, -0.000055, 9.810078, 0
8.570101, 1.005365, -0.000055, 9.810081, 0
8.580101, 1.005365, -0.000054, 9.810083, 0
8.590101, 1.005364, -0.000053, 9.810086, 0
8.600101, 1.005364, -0.000052, 9.809919, 0
8.610102, 1.005363, -0.000053, 9.809916, 0
8.620102, 1.005363, -0.000054, 9.809914, 0
8.630102, 1.005362, -0.000055, 9.810081, 0
8.640102, 1.005361, -0.000054, 9.810083, 0
8.650103, 1.005361, -0.000053, 9.810086, 0
8.660103, 1.005360, -0.000052, 9.809919, 0
8.670103, 1.005360, -0.000053, 9.809916, 0
8.680103, 1.005359, -0.000054, 9.809914, 0
8.690104, 1.005359, -0.000055, 9.810081, 0
8.700104, 1.005358, -0.000054, 9.810083, 0
8.710104, 1.005358, -0.000053, 9.810086, 0
8.720104, 1.005357, -0.000052, 9.809920, 0
8.730104, 1.005357, -0.000053, 9.809917, 0
8.740105, 1.005356, -0.000054, 9.809915, 0
8.750105, 1.005356, -0.000055, 9.810081, 0
8.760105, 1.005355, -0.000054, 9.810083, 0
8.770105, 1.005354, -0.000053, 9.810087, 0
8.780106, 1.005354, -0.000052, 9.809920, 0
8.790106, 1.005353, -0.000053, 9.809917, 0
8.800106, 1.005353, -0.000054, 9.809915, 0
8.810106, 1.005352, -0.000055, 9.810081, 0
8.820107, 1.005352, -0.000054, 9.810084, 0
8.830107, 1.005351, -0.000053, 9.810087, 0
8.840107, 1.005351, -0.000052, 9.809920, 0
8.850107, 1.005350, -0.000053, 9.809917, 0
8.860107, 1.005350, -0.000054, 9.809915, 0
8.870108, 1.005349, -0.000055, 9.810081, 0
8.880108, 1.005349, -0.000054, 9.810084, 0
8.890108, 1.005348, -0.000053, 9.810087, 0
8.900108, 1.005347, -0.000052, 9.809921, 0
8.910109, 1.005347, -0.000053, 9.809918, 0
8.920109, 1.005347, -0.000054, 9.809916, 0
8.930109, 1.005346, -0.000054, 9.809913, 0
8.940109, 1.005345, -0.000055, 9.810080, 0
8.950109, 1.005345, -0.000055, 9.810082, 0
8.960110, 1.005344, -0.000054, 9.810085, 0
8.970110, 1.005344, -0.000053, 9.810088, 0
8.980110, 1.005343, -0.000052, 9.809921, 0
8.990110, 1.005343, -0.000053, 9.809919, 0
9.000111, 1.005342, -0.000054, 9.809916, 0
9.010111, 1.005342, -0.000054, 9.809914, 0
9.020111, 1.005341, -0.000055, 9.810081, 0
9.030111, 1.005341, -0.000055, 9.810083, 0
9.040112, 1.005340, -0.000054, 9.810086, 0
9.050112, 1.005339, -0.000053, 9.810089, 0
9.060112, 1.005339, -0.000052, 9.809922, 0
9.070112, 1.005338, -0.000053, 9.809920, 0
9.080112, 1.005338, -0.000054, 9.809917, 0
9.090113, 1.005337, -0.000054, 9.809915, 0
9.100113, 1.005337, -0.000055, 9.810081, 0
9.110113, 1.005336, -0.000054, 9.810084, 0
9.120113, 1.005336, -0.000054, 9.810087, 0
9.130114, 1.005335, -0.000053, 9.809920, 0
9.140114, 1.005335, -0.000054, 9.809917, 0
9.150114, 1.005334, -0.000054, 9.809916, 0
9.160114, 1.005334, -0.000055, 9.810081, 0
9.170115, 1.005333, -0.000054, 9.810085, 0
9.180115, 1.005332, -0.000054, 9.810088, 0
9.190115, 1.005332, -0.000053, 9.809921, 0
9.200115, 1.005332, -0.000053, 9.809918, 0
9.210115, 1.005331, -0.000054, 9.809916, 0
9.220116, 1.005330, -0.000055, 9.810082, 0
9.230116, 1.005330, -0.000054, 9.810086, 0
9.240116, 1.005329, -0.000053, 9.810089, 0
9.250116, 1.005329, -0.000053, 9.809922, 0
9.260117, 1.005328, -0.000053, 9.809920, 0
9.270117, 1.005328, -0.000054, 9.809917, 0
9.280117, 1.005327, -0.000055, 9.810084, 0
9.290117, 1.005327, -0.000054, 9.810087, 0
9.300117, 1.005326, -0.000053, 9.810090, 0
9.310118, 1.005326, -0.000052, 9.809924, 0
9.320118, 1.005325, -0.000053, 9.809921, 0
9.330118, 1.005325, -0.000054, 9.809918, 0
9.340118, 1.005324, -0.000055, 9.810085, 0
9.350119, 1.005323, -0.000054, 9.810088, 0
9.360119, 1.005323, -0.000053, 9.810091, 0
9.370119, 1.005322, -0.000052, 9.809925, 0
9.380119, 1.005322, -0.000053, 9.809922, 0
9.390120, 1.005321, -0.000054, 9.809919, 0
9.400120, 1.005321, -0.000054, 9.809916, 0
9.410120, 1.005320, -0.000055, 9.810083, 0
9.420120, 1.005320, -0.000054, 9.810087, 0
9.430120, 1.005319, -0.000054, 9.810090, 0
9.440121, 1.005319, -0.000053, 9.809923, 0
9.450121, 1.005318, -0.000053, 9.809921, 0
9.460121, 1.005318, -0.000054, 9.809918, 0
9.470121, 1.005317, -0.000055, 9.810085, 0
9.480122, 1.005316, -0.000054, 9.810088, 0
9.490122, 1.005316, -0.000053, 9.810091, 0
9.500122, 1.005315, -0.000052, 9.809925, 0
9.510122, 1.005315, -0.000053, 9.809922, 0
9.520123, 1.005314, -0.000054, 9.809919, 0
9.530123, 1.005314, -0.000055, 9.810086, 0
9.540123, 1.005313, -0.000054, 9.810090, 0
9.550123, 1.005313, -0.000053, 9.810093, 0
9.560123, 1.005312, -0.000052, 9.809926, 0
9.570124, 1.005312, -0.000053, 9.809924, 0
9.580124, 1.005311, -0.000054, 9.809921, 0
9.590124, 1.005311, -0.000054, 9.809918, 0
9.600124, 1.005310, -0.000055, 9.810085, 0
9.610125, 1.005310, -0.000054, 9.810088, 0
9.620125, 1.005309, -0.000053, 9.810092, 0
9.630125, 1.005309, -0.000053, 9.809925, 0
9.640125, 1.005308, -0.000053, 9.809922, 0
9.650126, 1.005308, -0.000054, 9.809920, 0
9.660126, 1.005307, -0.000055, 9.810087, 0
9.670126, 1.005306, -0.000054, 9.810090, 0
9.680126, 1.005306, -0.000053, 9.810094, 0
9.690126, 1.005305, -0.000052, 9.809927, 0
9.700127, 1.005305, -0.000053, 9.809924, 0
9.710127, 1.005304, -0.000054, 9.809922, 0
9.720127, 1.005304, -0.000054, 9.810089, 0
9.730127, 1.005303, -0.000054, 9.810092, 0
9.740128, 1.005303, -0.000053, 9.809926, 0
9.750128, 1.005302, -0.000053, 9.809923, 0
9.760128, 1.005302, -0.000054, 9.809920, 0
9.770128, 1.005301, -0.000055, 9.810087, 0
9.780128, 1.005301, -0.000054, 9.810091, 0
9.790129, 1.005300, -0.000053, 9.810094, 0
9.800129, 1.005299, -0.000052, 9.809928, 0
9.810129, 1.005299, -0.000053, 9.809925, 0
9.820129, 1.005298, -0.000054, 9.809922, 0
9.830130, 1.005298, -0.000055, 9.810089, 0
9.840130, 1.005297, -0.000054, 9.810093, 0
9.850130, 1.005297, -0.000053, 9.810096, 0
9.860130, 1.005296, -0.000052, 9.809930, 0
9.870131, 1.005296, -0.000053, 9.809927, 0
9.880131, 1.005295, -0.000053, 9.809924, 0
9.890131, 1.005295, -0.000054, 9.809921, 0
9.900131, 1.005294, -0.000055, 9.810089, 0
9.910131, 1.005294, -0.000054, 9.810092, 0
9.920132, 1.005293, -0.000053, 9.810095, 0
9.930132, 1.005293, -0.000052, 9.809929, 0
9.940132, 1.005292, -0.000053, 9.809926, 0
9.950132, 1.005292, -0.000054, 9.809924, 0
9.960133, 1.005291, -0.000054, 9.809921, 0
9.970133, 1.005291, -0.000055, 9.810088, 0
9.980133, 1.005290, -0.000054, 9.810092, 0
9.990133, 1.005289, -0.000053, 9.810095, 0
